Ticket_ID,Customer_Name,Customer_Email,Ticket_Subject,Ticket_Description,Issue_Category,Priority_Level,Ticket_Channel,Submission_Date,Resolution_Time_Hours,Assigned_Agent,Satisfaction_Score
TKT-100040,Brian Miller,webbdaniel@example.net,Suspicious charge - With,"Hi Support, I noticed a double charge on my statement for last month. No glass marriage attorney explain production interesting.",Billing,High,Web Form,2025-11-21,14,Elena Rodriguez,1
TKT-100246,Mark Tate,bmcdonald@example.org,Pricing tiers - Range,"Hi Support, What are your support operating hours? Suddenly lay decision fund us detail large including.",General Inquiry,Medium,Email,2025-05-11,81,Anya Sharma,4
TKT-100299,Douglas Perry,wheelerreginald@example.net,Demo request - Energy,"Hi Support, How does the team pricing tier work? Within anyone employee those best different nation.",General Inquiry,Low,Web Form,2024-02-01,60,Ben Carter,3
TKT-100354,Kimberly Cooper,Terrance.Johnson@company.com,Stolen card - Education,"Hi Support, I think my account has been compromised. Question senior business on boy general south.",Fraud,High,Web Form,2024-07-31,20,Anya Sharma,4
TKT-100364,Amber Franco,kristin06@example.org,Password reset - Ago,"Hi Support, How do I upgrade to the Enterprise plan? Ok spend for quickly modern focus.",Account,High,Chat,2025-01-06,40,Anya Sharma,4
TKT-100618,Michael Duran,Lisa.Sandoval@enterprise.org,Stolen card - Network,"Hi Support, I received a login alert from a device in Russia, which wasn't me. Likely same heavy.",Fraud,High,Email,2024-05-30,16,Chloe Adams,3
TKT-100857,Stephanie Baker,Diana.Joyce@company.com,Feature request - Someone,"Hi Support, Do you offer a discount for non-profits? Memory evidence picture eye.",General Inquiry,Medium,Chat,2025-11-17,67,David Kim,5
TKT-100907,Paul Martin,Darrell.Dalton@company.com,Hours of operation - Nature,"Hi Support, I would like to request a demo for my team. Seem field push anyone student physical reveal.",General Inquiry,Low,Email,2025-05-01,15,Ben Carter,5
TKT-101354,Melissa Wilcox,Cynthia.Gonzalez@company.com,App crashing - Room,"Hi Support, I cannot log into my account even after resetting the password. Experience pressure else mission total question create.",Technical,Low,Chat,2024-09-01,26,Ben Carter,5
TKT-101537,Patricia Vincent,dwilliams@example.org,Demo request - Step,"Hi Support, What are your support operating hours? Take stand store their level happy.",General Inquiry,High,Email,2024-10-21,25,Elena Rodriguez,5
TKT-101745,Matthew Fletcher,Zachary.Alvarez@enterprise.org,Data not syncing - Light,"Hi Support, The dashboard is not loading any data, just a spinning wheel. Former six drive marriage.",Technical,Low,Web Form,2024-06-24,40,Chloe Adams,3
TKT-104021,Raymond Spencer,ronaldcampos@example.com,Charged twice - Past,"Hi Support, I have been trying to update my payment method but it keeps failing. See down value but.",Billing,Medium,Email,2025-03-24,39,David Kim,4
TKT-104233,Donna Barnes,kennethwright@example.org,Alert notification - Study,"Hi Support, Why is there a new device added to my trusted list? Address her month consumer late.",Fraud,Critical,Email,2025-07-11,10,Anya Sharma,4
TKT-104772,Matthew Owens,charlesandrews@example.com,Feature request - Budget,"Hi Support, What are your support operating hours? Against off unit officer sure throw.",General Inquiry,High,Web Form,2024-03-06,2,Elena Rodriguez,5
TKT-105022,Erin Lynch,edwardsherman@example.org,Invoice discrepancy - Close,"Hi Support, I have been trying to update my payment method but it keeps failing. Ability spend month do especially.",Billing,Medium,Web Form,2024-01-29,120,David Kim,3
TKT-105318,Heidi Payne MD,Kevin.Rose@tech.io,Payment failed - Choice,"Hi Support, I have been trying to update my payment method but it keeps failing. Agent full real lot service animal front especially.",Billing,Low,Email,2025-10-13,67,David Kim,2
TKT-106405,Joe Patterson,uzimmerman@example.org,Login failed - Remain,"Hi Support, My data hasn't synced to the cloud for 24 hours. Adult bar store order.",Technical,Critical,Email,2025-08-03,13,Anya Sharma,5
TKT-106578,Christopher Gonzalez,Maria.Floyd@company.com,Office location - Time,"Hi Support, What are your support operating hours? Guy media machine.",General Inquiry,Low,Email,2024-03-23,42,Ben Carter,4
TKT-106955,Jennifer Wright,vmitchell@example.net,Invoice discrepancy - Daughter,"Hi Support, I requested a refund 5 days ago, where is it? Need look future shake.",Billing,Low,Email,2024-05-10,120,Elena Rodriguez,2
TKT-106957,Lindsey Chan,browndavid@example.com,Suspicious charge - Every,"Hi Support, Why is my bill higher than the agreed amount? Happy effect change fire seat thing reduce practice.",Billing,Medium,Web Form,2024-06-16,4,David Kim,5
TKT-107087,Sarah Watts,nathan97@example.net,Account hacked - Chair,"Hi Support, I think my account has been compromised. Half structure popular cut see public.",Fraud,High,Email,2025-08-08,72,Elena Rodriguez,5
TKT-107146,Charles Pratt,Luke.Jackson@enterprise.org,API Error 500 - Left,"Hi Support, We are receiving a 500 Internal Server Error on the API endpoint. Idea increase affect beautiful point participant degree.",Technical,High,Web Form,2024-11-17,30,David Kim,4
TKT-107720,Randy Elliott,warekevin@example.com,Product question - Treat,"Hi Support, What are your support operating hours? Hope central prevent road degree find.",General Inquiry,Medium,Chat,2024-09-03,34,David Kim,5
TKT-108479,Virginia Wells,aaron32@example.com,Data not syncing - Situation,"Hi Support, We are receiving a 500 Internal Server Error on the API endpoint. Show eye why article pressure interesting past.",Technical,Medium,Email,2025-09-30,120,Anya Sharma,4
TKT-108560,Michele Davis,Karen.Price@tech.io,API Error 500 - Fine,"Hi Support, How do I install the latest patch on Windows 11? Direction phone building develop deep sing.",Technical,High,Chat,2025-05-03,10,Anya Sharma,4
TKT-108824,Parker Castillo,zchristensen@example.org,Invoice discrepancy - Item,"Hi Support, I noticed a double charge on my statement for last month. How camera above entire model.",Billing,Low,Email,2025-07-20,94,David Kim,2
TKT-110035,Audrey Johnson,jasoncunningham@example.com,Phishing attempt - Score,"Hi Support, Lock my account immediately, I see transactions I didn't make. Child prove with.",Fraud,High,Web Form,2024-11-06,10,Ben Carter,4
TKT-110632,Carmen Davis,Michelle.Rhodes@company.com,Password reset - Green,"Hi Support, I lost my phone and cannot pass the 2FA check. Kid wrong song fall something.",Account,High,Web Form,2025-04-15,25,Elena Rodriguez,5
TKT-110819,Donald Hicks,monicafritz@example.net,Installation issue - Then,"Hi Support, The application crashes every time I open the settings tab. Same when kind hard.",Technical,High,Web Form,2024-08-03,41,Anya Sharma,5
TKT-111203,Alicia Mcgee,arnoldkaren@example.org,Charged twice - About,"Hi Support, Can you send me the invoice for transaction #99283? Have kid sing account hundred join billion.",Billing,Medium,Chat,2025-02-08,64,David Kim,5
TKT-111476,Stephanie Blankenship,Christopher.Howard@company.com,Change email - Voice,"Hi Support, Please help me change the email address associated with my account. Produce plant than official great.",Account,Low,Email,2024-02-26,38,Elena Rodriguez,4
TKT-111791,Debra Newman,kmeyers@example.com,API Error 500 - Relate,"Hi Support, I cannot log into my account even after resetting the password. Recent region professor say would citizen kid.",Technical,Medium,Web Form,2024-10-02,20,Elena Rodriguez,4
TKT-112179,Dakota Jones,barkersharon@example.net,Delete account - Task,"Hi Support, I want to permanently delete my account and data. Gun responsibility out.",Account,High,Web Form,2025-04-08,43,Anya Sharma,4
TKT-112210,Thomas Johnson,ppayne@example.com,2FA issues - Probably,"Hi Support, Please help me change the email address associated with my account. Man since he choice feeling lose.",Account,Medium,Email,2024-09-07,7,Ben Carter,4
TKT-112265,John Nichols,David.Kelley@tech.io,Pricing tiers - Use,"Hi Support, Where is your headquarters located? Degree sense over place.",General Inquiry,Low,Email,2025-07-12,120,Ben Carter,5
TKT-112765,Michael Evans,jessica16@example.net,Data not syncing - Prepare,"Hi Support, How do I install the latest patch on Windows 11? A alone low star tax look beyond.",Technical,Low,Chat,2025-06-30,42,David Kim,3
TKT-113041,Sara Johnson,khernandez@example.net,Refund status - Special,"Hi Support, Why is my bill higher than the agreed amount? Ago to situation.",Billing,Low,Web Form,2025-06-19,5,Ben Carter,5
TKT-113481,Jennifer Wilson,Morgan.Howard@tech.io,Product question - Choose,"Hi Support, I would like to request a demo for my team. As involve event popular.",General Inquiry,High,Web Form,2025-03-09,8,David Kim,5
TKT-113640,Kevin Jones,Donald.Flowers@tech.io,Password reset - Where,"Hi Support, My profile picture is not updating. Team deal difference successful over throughout.",Account,Low,Web Form,2024-08-17,62,David Kim,3
TKT-114034,Juan Martin,bhall@example.net,Login failed - Glass,"Hi Support, We are receiving a 500 Internal Server Error on the API endpoint. Until history may property enough heavy.",Technical,Critical,Email,2025-08-12,14,David Kim,3
TKT-114337,Michelle Quinn,carlsondeborah@example.net,Suspicious activity - Save,"Hi Support, I received a login alert from a device in Russia, which wasn't me. Yard learn interest send result.",Fraud,Critical,Web Form,2025-04-24,3,Ben Carter,3
TKT-114414,Adrian Barber,Mary.Ray@tech.io,Charged twice - Environment,"Hi Support, Can you send me the invoice for transaction #99283? Any notice able follow.",Billing,High,Chat,2024-03-23,4,Anya Sharma,2
TKT-114415,Alexandra Browning,ehodges@example.com,Password reset - Writer,"Hi Support, I want to permanently delete my account and data. Return between past discussion.",Account,Medium,Web Form,2025-06-11,14,David Kim,5
TKT-114613,Mr. Anthony Bell,kathleenburke@example.org,Screen freezes - Would,"Hi Support, The dashboard is not loading any data, just a spinning wheel. Provide win high hit.",Technical,Medium,Email,2025-12-09,51,Chloe Adams,4
TKT-114664,Glenn Morgan,molly04@example.net,Subscription upgrade - Respond,"Hi Support, I am not receiving the password reset email. Near any bag marriage I office page how.",Account,Low,Email,2025-08-26,82,David Kim,4
TKT-114751,Daniel Hunter,brandy23@example.net,Profile update - What,"Hi Support, How do I upgrade to the Enterprise plan? Could beautiful opportunity assume town concern.",Account,Low,Email,2025-06-08,34,Anya Sharma,3
TKT-115029,Christopher Gonzales,Ashley.Miller@company.com,Profile update - Fill,"Hi Support, I lost my phone and cannot pass the 2FA check. Sense wife unit.",Account,High,Email,2024-04-11,21,David Kim,5
TKT-115333,Kelly Torres,allisonperez@example.net,Update credit card - Low,"Hi Support, I have been trying to update my payment method but it keeps failing. Executive society attention hold interesting itself.",Billing,High,Web Form,2025-03-28,46,Anya Sharma,4
TKT-116290,Emily Anderson,jamesallen@example.net,API Error 500 - Name,"Hi Support, How do I install the latest patch on Windows 11? Paper lead with visit claim partner sport.",Technical,High,Web Form,2025-04-20,3,David Kim,4
TKT-117018,Kelly Taylor,heathergordon@example.org,Invoice discrepancy - Large,"Hi Support, I requested a refund 5 days ago, where is it? Program worry PM eat billion couple or.",Billing,High,Chat,2025-04-24,25,Anya Sharma,1
TKT-117093,Miguel Dixon,andrewmcgee@example.net,API Error 500 - Rather,"Hi Support, How do I install the latest patch on Windows 11? Front nice more easy feeling.",Technical,Critical,Email,2024-09-14,3,Anya Sharma,5
TKT-117581,Arthur Lee,wongjodi@example.org,Subscription upgrade - Gas,"Hi Support, My profile picture is not updating. Direction national modern network instead agreement religious.",Account,Medium,Web Form,2024-11-28,31,Chloe Adams,4
TKT-117605,Alejandro Nielsen,amber16@example.org,Office location - Cup,"Hi Support, Where is your headquarters located? Data large concern force sit serve.",General Inquiry,Medium,Email,2024-01-21,8,Chloe Adams,4
TKT-118021,Miguel Waller,angelagreer@example.org,Screen freezes - Various,"Hi Support, The application crashes every time I open the settings tab. Blue half rather team street clear nature.",Technical,Critical,Web Form,2025-07-20,14,Ben Carter,1
TKT-118030,Brandon Hughes,kturner@example.org,Suspicious activity - Thus,"Hi Support, Someone used my card to make a purchase on your site. Remain two third attack.",Fraud,Critical,Web Form,2025-07-24,1,David Kim,2
TKT-118400,Richard Brown,osmith@example.org,Hours of operation - Another,"Hi Support, Is there a roadmap for new features this year? Common gun move drive this provide.",General Inquiry,High,Email,2025-01-16,63,Ben Carter,5
TKT-118533,Jonathon Davis,loganlewis@example.com,Data not syncing - Box,"Hi Support, The application crashes every time I open the settings tab. Meeting start quickly join magazine course.",Technical,Medium,Chat,2024-02-12,28,Ben Carter,3
TKT-118578,James Graham,vwright@example.net,Change email - Why,"Hi Support, Please help me change the email address associated with my account. More important authority marriage.",Account,Medium,Chat,2025-08-30,120,Chloe Adams,2
TKT-119239,Kenneth Holmes,brendajenkins@example.org,Installation issue - Its,"Hi Support, The application crashes every time I open the settings tab. So herself president own.",Technical,Low,Chat,2024-11-02,17,Elena Rodriguez,5
TKT-119467,Tara Fisher,hsmith@example.org,Phishing attempt - Interest,"Hi Support, I think my account has been compromised. Behind newspaper do industry nothing whether.",Fraud,Critical,Web Form,2024-07-07,8,Anya Sharma,3
